event_kind,event_id,event_type,stage,start_utc,end_utc,duration_seconds,session_id,input_tokens,cached_input_tokens,output_tokens,reasoning_output_tokens,total_tokens,match_method,match_delta_seconds,match_candidate_count,match_ambiguity,done,passed,request_attention,final_status,note
phase,initial-planning,planning,planning,2026-07-17T13:03:45Z,2026-07-17T14:51:06Z,6441.0,,0,0,0,0,0,,,,,,,,,Project creation to first worker dispatch; includes clarification and contract planning.
attempt,work-source-population,work,population_and_retrieval,2026-07-17T14:51:06Z,2026-07-17T15:21:04.394000Z,1791.271,session-004,15512832,15127552,45659,10803,15558491,task_id_and_time,3.828,1,not_ambiguous,True,,False,cleared,2026-07-17T14-51-06Z-0000__work-source-population.json
attempt,work-strata-provenance,work,population_and_retrieval,2026-07-17T15:21:05Z,2026-07-17T15:22:53.624000Z,102.618,session-005,318041,257280,2249,478,320290,time_only_unique,3.403,1,not_ambiguous,False,,False,superseded,2026-07-17T15-21-05Z-0000__work-strata-provenance.json
decision,001-retry,retry,orchestration,2026-07-17T15:37:35Z,2026-07-17T15:37:35Z,0,,0,0,0,0,0,,,,,,,,,add_tasks=0; add_contracts=0; supersede=0; cancel=0
attempt,work-strata-provenance,work,population_and_retrieval,2026-07-17T15:37:48Z,2026-07-17T15:45:27.572000Z,452.309,session-006,2889994,2663168,10315,2799,2900309,task_id_and_time,4.817,1,not_ambiguous,False,,False,superseded,2026-07-17T15-37-48Z-0000__work-strata-provenance.json
decision,002-retry,retry,orchestration,2026-07-17T17:21:29Z,2026-07-17T17:21:29Z,0,,0,0,0,0,0,,,,,,,,,add_tasks=0; add_contracts=0; supersede=0; cancel=0
attempt,work-strata-provenance,work,population_and_retrieval,2026-07-17T17:21:39Z,2026-07-17T17:24:52.959000Z,185.429,session-007,453341,362240,3171,556,456512,task_id_and_time,4.172,1,not_ambiguous,False,,False,superseded,2026-07-17T17-21-39Z-0000__work-strata-provenance.json
decision,003-patch,patch,orchestration,2026-07-17T17:26:44Z,2026-07-17T17:26:44Z,0,,0,0,0,0,0,,,,,,,,,add_tasks=2; add_contracts=0; supersede=1; cancel=0
attempt,work-strata-surface-discovery,work,population_and_retrieval,2026-07-17T17:26:56Z,2026-07-17T18:02:59.282000Z,2155.591,session-008,6985850,6623488,40689,9234,7026539,time_only_unique,3.389,1,not_ambiguous,True,,False,cleared,2026-07-17T17-26-56Z-0000__work-strata-surface-discovery.json
attempt,work-strata-provenance-v2,work,population_and_retrieval,2026-07-17T18:02:59Z,2026-07-17T18:31:52.300000Z,1726.292,session-009,6797402,6246400,35288,7875,6832690,time_only_unique,3.865,1,not_ambiguous,True,,False,cleared,2026-07-17T18-02-59Z-0000__work-strata-provenance-v2.json
attempt,work-freeze-sampling,work,population_and_retrieval,2026-07-17T18:31:53Z,2026-07-17T19:01:42.709000Z,1783.739,session-010,4420281,4275200,39945,10077,4460226,time_only_unique,2.542,1,not_ambiguous,True,,False,cleared,2026-07-17T18-31-53Z-0000__work-freeze-sampling.json
attempt,work-retrieve-corpus,work,population_and_retrieval,2026-07-17T19:01:43Z,2026-07-17T20:39:09.471000Z,5839.959,session-011,45975630,45355008,64725,11277,46040355,time_only_unique,3.331,1,not_ambiguous,True,,False,cleared,2026-07-17T19-01-43Z-0000__work-retrieve-corpus.json
attempt,validate-source-scrutiny,validate,validation,2026-07-17T20:39:10Z,2026-07-17T20:39:10Z,0.0,,0,0,0,0,0,ambiguous,7.201,2,multiple_time_only_candidates,True,False,True,cleared,2026-07-17T20-39-10Z-0000__validate-source-scrutiny.json
attempt,validate-source-surface,validate,validation,2026-07-17T20:39:10Z,2026-07-17T20:39:10Z,0.0,,0,0,0,0,0,ambiguous,7.201,2,multiple_time_only_candidates,True,False,True,cleared,2026-07-17T20-39-10Z-0001__validate-source-surface.json
decision,004-patch,patch,orchestration,2026-07-17T21:05:43Z,2026-07-17T21:05:43Z,0,,0,0,0,0,0,,,,,,,,,add_tasks=4; add_contracts=1; supersede=1; cancel=0
attempt,work-repair-descriptive-corpus,work,population_and_retrieval,2026-07-17T21:05:53Z,2026-07-17T21:27:39.855000Z,1300.228,session-014,8562271,8353536,34826,6391,8597097,time_only_unique,3.414,1,not_ambiguous,True,,False,cleared,2026-07-17T21-05-53Z-0000__work-repair-descriptive-corpus.json
attempt,validate-descriptive-corpus-scrutiny,validate,validation,2026-07-17T21:27:40Z,2026-07-17T21:27:40Z,0.0,,0,0,0,0,0,ambiguous,7.14,2,multiple_time_only_candidates,True,False,True,cleared,2026-07-17T21-27-40Z-0000__validate-descriptive-corpus-scrutiny.json
attempt,validate-descriptive-corpus-surface,validate,validation,2026-07-17T21:27:40Z,2026-07-17T21:27:40Z,0.0,,0,0,0,0,0,ambiguous,7.14,2,multiple_time_only_candidates,True,True,False,cleared,2026-07-17T21-27-40Z-0001__validate-descriptive-corpus-surface.json
decision,005-patch,patch,orchestration,2026-07-17T21:41:38Z,2026-07-17T21:41:38Z,0,,0,0,0,0,0,,,,,,,,,add_tasks=4; add_contracts=1; supersede=1; cancel=0
attempt,work-repair-supplement-timing,work,population_and_retrieval,2026-07-17T21:41:46Z,2026-07-17T21:50:18.888000Z,506.077,session-017,2034580,1934336,16586,3529,2051166,time_only_unique,3.547,1,not_ambiguous,True,,False,cleared,2026-07-17T21-41-46Z-0000__work-repair-supplement-timing.json
attempt,validate-supplement-timing-scrutiny,validate,validation,2026-07-17T21:50:19Z,2026-07-17T21:50:19Z,0.0,,0,0,0,0,0,ambiguous,3.555,2,multiple_time_only_candidates,True,True,False,cleared,2026-07-17T21-50-19Z-0000__validate-supplement-timing-scrutiny.json
attempt,validate-supplement-timing-surface,validate,validation,2026-07-17T21:50:19Z,2026-07-17T21:50:19Z,0.0,,0,0,0,0,0,ambiguous,3.555,2,multiple_time_only_candidates,True,True,False,cleared,2026-07-17T21-50-19Z-0001__validate-supplement-timing-surface.json
decision,006-continue,continue,orchestration,2026-07-17T22:00:38Z,2026-07-17T22:00:38Z,0,,0,0,0,0,0,,,,,,,,,add_tasks=0; add_contracts=0; supersede=0; cancel=0
attempt,work-token-estimation,work,analysis,2026-07-17T22:00:47Z,2026-07-17T22:28:07.592000Z,1630.786,session-020,10184223,10000384,35663,6202,10219886,task_id_and_time,5.206,2,not_ambiguous,True,,False,cleared,2026-07-17T22-00-47Z-0001__work-token-estimation.json
attempt,work-tools-census,work,analysis,2026-07-17T22:00:47Z,2026-07-17T22:00:47Z,0.0,,0,0,0,0,0,ambiguous,5.206,2,multiple_time_only_candidates,True,,False,cleared,2026-07-17T22-00-47Z-0000__work-tools-census.json
attempt,work-jq-analysis,work,analysis,2026-07-17T22:28:08Z,2026-07-17T22:51:02.655000Z,1367.963,session-023,7091579,6930688,36912,8351,7128491,time_only_unique,3.485,1,not_ambiguous,True,,False,cleared,2026-07-17T22-28-08Z-0001__work-jq-analysis.json
attempt,work-reqresp-discovery,work,analysis,2026-07-17T22:28:08Z,2026-07-17T22:44:14.408000Z,959.715,session-022,6266837,6092032,29980,5451,6296817,task_id_and_time,3.256,2,not_ambiguous,True,,False,cleared,2026-07-17T22-28-08Z-0000__work-reqresp-discovery.json
attempt,work-rare-enrichment,work,analysis,2026-07-17T22:51:03Z,2026-07-17T23:41:09.766000Z,3000.378,session-024,23814781,23387392,37905,5017,23852686,task_id_and_time,3.226,1,not_ambiguous,True,,False,cleared,2026-07-17T22-51-03Z-0000__work-rare-enrichment.json
attempt,work-reqresp-final,work,analysis,2026-07-17T23:41:10Z,2026-07-18T00:19:27.181000Z,2287.55,session-025,21070366,20796416,52910,9023,21123276,time_only_unique,4.541,1,not_ambiguous,True,,False,cleared,2026-07-17T23-41-10Z-0000__work-reqresp-final.json
attempt,validate-analysis-scrutiny,validate,validation,2026-07-18T00:19:45Z,2026-07-18T00:19:45Z,0.0,,0,0,0,0,0,ambiguous,2.908,2,multiple_time_only_candidates,True,False,True,cleared,2026-07-18T00-19-45Z-0000__validate-analysis-scrutiny.json
attempt,validate-analysis-surface,validate,validation,2026-07-18T00:19:45Z,2026-07-18T00:19:45Z,0.0,,0,0,0,0,0,ambiguous,2.908,2,multiple_time_only_candidates,True,False,True,cleared,2026-07-18T00-19-45Z-0001__validate-analysis-surface.json
decision,007-patch,patch,orchestration,2026-07-18T00:38:28Z,2026-07-18T00:38:28Z,0,,0,0,0,0,0,,,,,,,,,add_tasks=11; add_contracts=1; supersede=1; cancel=0
attempt,work-freeze-analysis-review-samples,work,other_work,2026-07-18T00:38:38Z,2026-07-18T01:02:48.409000Z,1441.415,session-028,14072165,13856000,35714,9928,14107879,task_id_and_time,4.926,1,not_ambiguous,True,,False,cleared,2026-07-18T00-38-38Z-0000__work-freeze-analysis-review-samples.json
attempt,work-independent-semantic-coder-a,work,manual_semantic_reliability,2026-07-18T01:02:49Z,2026-07-18T01:26:47.855000Z,1429.022,session-030,7087409,6736896,37686,9353,7125095,task_id_and_time,6.156,2,not_ambiguous,True,,False,cleared,2026-07-18T01-02-49Z-0000__work-independent-semantic-coder-a.json
attempt,work-independent-semantic-coder-b,work,manual_semantic_reliability,2026-07-18T01:02:49Z,2026-07-18T01:10:18.066000Z,439.233,session-031,1677811,1569280,10443,3840,1688254,task_id_and_time,6.164,1,not_ambiguous,False,,True,superseded,2026-07-18T01-02-49Z-0001__work-independent-semantic-coder-b.json
attempt,work-manual-reqresp-review-p0,work,manual_semantic_reliability,2026-07-18T01:02:49Z,2026-07-18T01:23:12.356000Z,1212.983,session-032,5834508,5687808,29336,5907,5863844,task_id_and_time,6.314,1,not_ambiguous,False,,True,cleared,2026-07-18T01-02-49Z-0002__work-manual-reqresp-review-p0.json
attempt,work-manual-reqresp-review-p1,work,manual_semantic_reliability,2026-07-18T01:02:49Z,2026-07-18T01:05:38.878000Z,160.044,session-029,426306,356096,3459,741,429765,time_only_unique,6.139,1,not_ambiguous,False,,True,cleared,2026-07-18T01-02-49Z-0003__work-manual-reqresp-review-p1.json
decision,008-patch,patch,orchestration,2026-07-18T01:28:46Z,2026-07-18T01:28:46Z,0,,0,0,0,0,0,,,,,,,,,add_tasks=27; add_contracts=0; supersede=5; cancel=0
attempt,work-independent-semantic-coder-b-v2,work,manual_semantic_reliability,2026-07-18T01:29:17Z,2026-07-18T01:36:52.537000Z,444.569,session-034,1801496,1681408,12707,3476,1814203,task_id_and_time,6.672,1,not_ambiguous,False,,False,cleared,2026-07-18T01-29-17Z-0000__work-independent-semantic-coder-b-v2.json
attempt,work-refreeze-manual-review-v2,work,manual_semantic_reliability,2026-07-18T01:29:17Z,2026-07-18T01:36:56.513000Z,448.439,session-033,451456,394752,18226,4399,469682,time_only_unique,6.607,1,not_ambiguous,False,,False,cleared,2026-07-18T01-29-17Z-0001__work-refreeze-manual-review-v2.json
decision,009-retry,retry,orchestration,2026-07-18T09:13:51Z,2026-07-18T09:13:51Z,0,,0,0,0,0,0,,,,,,,,,add_tasks=0; add_contracts=0; supersede=0; cancel=0
attempt,work-independent-semantic-coder-b-v2,work,manual_semantic_reliability,2026-07-18T09:14:02Z,2026-07-18T09:30:30.360000Z,980.256,session-037,2704146,2591232,34078,9867,2738224,task_id_and_time,5.218,2,not_ambiguous,True,,False,cleared,2026-07-18T09-14-02Z-0000__work-independent-semantic-coder-b-v2.json
attempt,work-refreeze-manual-review-v2,work,manual_semantic_reliability,2026-07-18T09:14:02Z,2026-07-18T09:44:02.127000Z,1792.272,session-036,7596787,7443456,39465,9534,7636252,task_id_and_time,5.184,2,not_ambiguous,True,,False,cleared,2026-07-18T09-14-02Z-0001__work-refreeze-manual-review-v2.json
attempt,work-manual-reqresp-review-v2-s00,work,manual_semantic_reliability,2026-07-18T09:44:02Z,2026-07-18T09:44:02Z,0.0,,0,0,0,0,0,ambiguous,3.898,4,multiple_time_only_candidates,True,,False,cleared,2026-07-18T09-44-02Z-0000__work-manual-reqresp-review-v2-s00.json
attempt,work-manual-reqresp-review-v2-s01,work,manual_semantic_reliability,2026-07-18T09:44:02Z,2026-07-18T09:44:02Z,0.0,,0,0,0,0,0,ambiguous,3.898,4,multiple_time_only_candidates,True,,False,cleared,2026-07-18T09-44-02Z-0001__work-manual-reqresp-review-v2-s01.json
attempt,work-manual-reqresp-review-v2-s02,work,manual_semantic_reliability,2026-07-18T09:44:02Z,2026-07-18T09:44:02Z,0.0,,0,0,0,0,0,ambiguous,3.898,4,multiple_time_only_candidates,True,,False,cleared,2026-07-18T09-44-02Z-0002__work-manual-reqresp-review-v2-s02.json
attempt,work-manual-reqresp-review-v2-s03,work,manual_semantic_reliability,2026-07-18T09:44:02Z,2026-07-18T09:44:02Z,0.0,,0,0,0,0,0,ambiguous,3.898,4,multiple_time_only_candidates,True,,False,cleared,2026-07-18T09-44-02Z-0003__work-manual-reqresp-review-v2-s03.json
attempt,work-manual-reqresp-review-v2-s04,work,manual_semantic_reliability,2026-07-18T10:08:35Z,2026-07-18T10:08:35Z,0.0,,0,0,0,0,0,ambiguous,3.69,4,multiple_time_only_candidates,True,,False,cleared,2026-07-18T10-08-35Z-0000__work-manual-reqresp-review-v2-s04.json
attempt,work-manual-reqresp-review-v2-s05,work,manual_semantic_reliability,2026-07-18T10:08:35Z,2026-07-18T10:08:35Z,0.0,,0,0,0,0,0,ambiguous,3.69,4,multiple_time_only_candidates,True,,False,cleared,2026-07-18T10-08-35Z-0001__work-manual-reqresp-review-v2-s05.json
attempt,work-manual-reqresp-review-v2-s06,work,manual_semantic_reliability,2026-07-18T10:08:35Z,2026-07-18T10:08:35Z,0.0,,0,0,0,0,0,ambiguous,3.69,4,multiple_time_only_candidates,True,,False,cleared,2026-07-18T10-08-35Z-0002__work-manual-reqresp-review-v2-s06.json
attempt,work-manual-reqresp-review-v2-s07,work,manual_semantic_reliability,2026-07-18T10:08:35Z,2026-07-18T10:08:35Z,0.0,,0,0,0,0,0,ambiguous,3.69,4,multiple_time_only_candidates,True,,False,cleared,2026-07-18T10-08-35Z-0003__work-manual-reqresp-review-v2-s07.json
attempt,work-manual-reqresp-review-v2-s08,work,manual_semantic_reliability,2026-07-18T10:32:52Z,2026-07-18T10:32:52Z,0.0,,0,0,0,0,0,ambiguous,2.155,4,multiple_time_only_candidates,True,,False,cleared,2026-07-18T10-32-52Z-0000__work-manual-reqresp-review-v2-s08.json
attempt,work-manual-reqresp-review-v2-s09,work,manual_semantic_reliability,2026-07-18T10:32:52Z,2026-07-18T10:32:52Z,0.0,,0,0,0,0,0,ambiguous,2.155,4,multiple_time_only_candidates,True,,False,cleared,2026-07-18T10-32-52Z-0001__work-manual-reqresp-review-v2-s09.json
attempt,work-manual-reqresp-review-v2-s10,work,manual_semantic_reliability,2026-07-18T10:32:52Z,2026-07-18T10:32:52Z,0.0,,0,0,0,0,0,ambiguous,2.155,4,multiple_time_only_candidates,True,,False,cleared,2026-07-18T10-32-52Z-0002__work-manual-reqresp-review-v2-s10.json
attempt,work-manual-reqresp-review-v2-s11,work,manual_semantic_reliability,2026-07-18T10:32:52Z,2026-07-18T10:32:52Z,0.0,,0,0,0,0,0,ambiguous,2.155,4,multiple_time_only_candidates,True,,False,cleared,2026-07-18T10-32-52Z-0003__work-manual-reqresp-review-v2-s11.json
attempt,work-manual-reqresp-review-v2-s12,work,manual_semantic_reliability,2026-07-18T10:55:28Z,2026-07-18T10:55:28Z,0.0,,0,0,0,0,0,ambiguous,3.661,4,multiple_time_only_candidates,True,,False,cleared,2026-07-18T10-55-28Z-0000__work-manual-reqresp-review-v2-s12.json
attempt,work-manual-reqresp-review-v2-s13,work,manual_semantic_reliability,2026-07-18T10:55:28Z,2026-07-18T10:55:28Z,0.0,,0,0,0,0,0,ambiguous,3.661,4,multiple_time_only_candidates,True,,False,cleared,2026-07-18T10-55-28Z-0001__work-manual-reqresp-review-v2-s13.json
attempt,work-manual-reqresp-review-v2-s14,work,manual_semantic_reliability,2026-07-18T10:55:28Z,2026-07-18T10:55:28Z,0.0,,0,0,0,0,0,ambiguous,3.661,4,multiple_time_only_candidates,True,,False,cleared,2026-07-18T10-55-28Z-0002__work-manual-reqresp-review-v2-s14.json
attempt,work-manual-reqresp-review-v2-s15,work,manual_semantic_reliability,2026-07-18T10:55:28Z,2026-07-18T10:55:28Z,0.0,,0,0,0,0,0,ambiguous,3.661,4,multiple_time_only_candidates,True,,False,cleared,2026-07-18T10-55-28Z-0003__work-manual-reqresp-review-v2-s15.json
attempt,work-manual-reqresp-review-v2-s16,work,manual_semantic_reliability,2026-07-18T11:21:44Z,2026-07-18T11:21:44Z,0.0,,0,0,0,0,0,ambiguous,3.976,4,multiple_time_only_candidates,True,,False,cleared,2026-07-18T11-21-44Z-0000__work-manual-reqresp-review-v2-s16.json
attempt,work-manual-reqresp-review-v2-s17,work,manual_semantic_reliability,2026-07-18T11:21:44Z,2026-07-18T11:21:44Z,0.0,,0,0,0,0,0,ambiguous,3.976,4,multiple_time_only_candidates,True,,False,cleared,2026-07-18T11-21-44Z-0001__work-manual-reqresp-review-v2-s17.json
attempt,work-manual-reqresp-review-v2-s18,work,manual_semantic_reliability,2026-07-18T11:21:44Z,2026-07-18T11:21:44Z,0.0,,0,0,0,0,0,ambiguous,3.976,4,multiple_time_only_candidates,True,,False,cleared,2026-07-18T11-21-44Z-0002__work-manual-reqresp-review-v2-s18.json
attempt,work-manual-reqresp-review-v2-s19,work,manual_semantic_reliability,2026-07-18T11:21:44Z,2026-07-18T11:21:44Z,0.0,,0,0,0,0,0,ambiguous,3.976,4,multiple_time_only_candidates,True,,False,cleared,2026-07-18T11-21-44Z-0003__work-manual-reqresp-review-v2-s19.json
attempt,work-manual-reqresp-review-v2-s20,work,manual_semantic_reliability,2026-07-18T11:40:47Z,2026-07-18T11:40:47Z,0.0,,0,0,0,0,0,ambiguous,4.516,4,multiple_time_only_candidates,True,,False,cleared,2026-07-18T11-40-47Z-0000__work-manual-reqresp-review-v2-s20.json
attempt,work-manual-reqresp-review-v2-s21,work,manual_semantic_reliability,2026-07-18T11:40:47Z,2026-07-18T11:40:47Z,0.0,,0,0,0,0,0,ambiguous,4.516,4,multiple_time_only_candidates,True,,False,cleared,2026-07-18T11-40-47Z-0001__work-manual-reqresp-review-v2-s21.json
attempt,work-manual-reqresp-review-v2-s22,work,manual_semantic_reliability,2026-07-18T11:40:47Z,2026-07-18T11:40:47Z,0.0,,0,0,0,0,0,ambiguous,4.516,4,multiple_time_only_candidates,True,,False,cleared,2026-07-18T11-40-47Z-0002__work-manual-reqresp-review-v2-s22.json
attempt,work-manual-reqresp-review-v2-s23,work,manual_semantic_reliability,2026-07-18T11:40:47Z,2026-07-18T11:40:47Z,0.0,,0,0,0,0,0,ambiguous,4.516,4,multiple_time_only_candidates,True,,False,cleared,2026-07-18T11-40-47Z-0003__work-manual-reqresp-review-v2-s23.json
attempt,work-merge-manual-review-v2,work,manual_semantic_reliability,2026-07-18T12:04:25Z,2026-07-18T12:16:31.963000Z,719.529,session-062,4480282,4321792,26350,5572,4506632,task_id_and_time,4.203,1,not_ambiguous,False,,True,superseded,2026-07-18T12-04-25Z-0000__work-merge-manual-review-v2.json
decision,010-patch,patch,orchestration,2026-07-18T12:19:04Z,2026-07-18T12:19:04Z,0,,0,0,0,0,0,,,,,,,,,add_tasks=2; add_contracts=0; supersede=1; cancel=0
attempt,work-replace-manual-review-v2-s20,work,manual_semantic_reliability,2026-07-18T12:19:22Z,2026-07-18T12:44:29.446000Z,1500.488,session-063,9522701,9280512,49327,9445,9572028,time_only_unique,3.497,1,not_ambiguous,True,,False,cleared,2026-07-18T12-19-22Z-0000__work-replace-manual-review-v2-s20.json
attempt,work-merge-manual-review-v3,work,manual_semantic_reliability,2026-07-18T12:44:30Z,2026-07-18T12:56:38.600000Z,721.798,session-064,2936741,2828544,16905,2345,2953646,time_only_unique,3.616,1,not_ambiguous,True,,False,cleared,2026-07-18T12-44-30Z-0000__work-merge-manual-review-v3.json
attempt,work-adjudicate-analysis-repair,work,manual_semantic_reliability,2026-07-18T12:56:39Z,2026-07-18T13:19:09.153000Z,1345.881,session-065,7192012,6916864,29243,5694,7221255,time_only_unique,2.012,1,not_ambiguous,False,,True,superseded,2026-07-18T12-56-39Z-0000__work-adjudicate-analysis-repair.json
decision,011-patch,patch,orchestration,2026-07-18T13:21:50Z,2026-07-18T13:21:50Z,0,,0,0,0,0,0,,,,,,,,,add_tasks=5; add_contracts=0; supersede=1; cancel=0
attempt,work-freeze-fresh-semantic-holdout-v3,work,manual_semantic_reliability,2026-07-18T13:22:14Z,2026-07-18T13:39:23.258000Z,1022.276,session-066,6548267,6366720,26188,5871,6574455,task_id_and_time,3.296,1,not_ambiguous,False,,True,superseded,2026-07-18T13-22-14Z-0001__work-freeze-fresh-semantic-holdout-v3.json
attempt,work-reseal-supplement-metadata-v3,work,other_work,2026-07-18T13:22:14Z,2026-07-18T13:36:44.072000Z,862.689,session-067,4466927,4290048,29659,10466,4496586,task_id_and_time,4.035,1,not_ambiguous,True,,False,cleared,2026-07-18T13-22-14Z-0000__work-reseal-supplement-metadata-v3.json
decision,012-patch,patch,orchestration,2026-07-18T13:41:33Z,2026-07-18T13:41:33Z,0,,0,0,0,0,0,,,,,,,,,add_tasks=2; add_contracts=0; supersede=1; cancel=0
attempt,work-acquire-fresh-jq-reliability-pool-v4,work,analysis,2026-07-18T13:41:40Z,2026-07-18T14:06:39.596000Z,1492.412,session-068,7658079,7468032,33972,6767,7692051,time_only_unique,3.792,1,not_ambiguous,True,,False,cleared,2026-07-18T13-41-40Z-0000__work-acquire-fresh-jq-reliability-pool-v4.json
attempt,work-freeze-fresh-semantic-holdout-v4,work,manual_semantic_reliability,2026-07-18T14:06:40Z,2026-07-18T14:28:01.404000Z,1275.682,session-069,6653302,6352384,32811,6296,6686113,time_only_unique,3.454,1,not_ambiguous,True,,False,cleared,2026-07-18T14-06-40Z-0000__work-freeze-fresh-semantic-holdout-v4.json
attempt,work-independent-semantic-coder-a-v3,work,manual_semantic_reliability,2026-07-18T14:28:02Z,2026-07-18T14:28:02Z,0.0,,0,0,0,0,0,ambiguous,1.965,2,multiple_time_only_candidates,False,,True,superseded,2026-07-18T14-28-02Z-0000__work-independent-semantic-coder-a-v3.json
attempt,work-independent-semantic-coder-b-v3,work,manual_semantic_reliability,2026-07-18T14:28:02Z,2026-07-18T14:28:02Z,0.0,,0,0,0,0,0,ambiguous,1.965,2,multiple_time_only_candidates,False,,True,superseded,2026-07-18T14-28-02Z-0001__work-independent-semantic-coder-b-v3.json
decision,013-patch,patch,orchestration,2026-07-18T14:31:36Z,2026-07-18T14:31:36Z,0,,0,0,0,0,0,,,,,,,,,add_tasks=3; add_contracts=0; supersede=2; cancel=0
attempt,work-prepare-blind-startup-v4,work,manual_semantic_reliability,2026-07-18T14:31:47Z,2026-07-18T15:09:41.461000Z,2268.071,session-072,7739151,7580160,36979,10044,7776130,task_id_and_time,2.8,1,not_ambiguous,True,,False,cleared,2026-07-18T14-31-47Z-0000__work-prepare-blind-startup-v4.json
attempt,work-independent-semantic-coder-a-v4,work,manual_semantic_reliability,2026-07-18T15:09:42Z,2026-07-18T15:09:42Z,0.0,,0,0,0,0,0,ambiguous,3.771,2,multiple_time_only_candidates,False,,True,superseded,2026-07-18T15-09-42Z-0000__work-independent-semantic-coder-a-v4.json
attempt,work-independent-semantic-coder-b-v4,work,manual_semantic_reliability,2026-07-18T15:09:42Z,2026-07-18T15:09:42Z,0.0,,0,0,0,0,0,ambiguous,3.771,2,multiple_time_only_candidates,False,,True,superseded,2026-07-18T15-09-42Z-0001__work-independent-semantic-coder-b-v4.json
decision,014-patch,patch,orchestration,2026-07-18T15:17:56Z,2026-07-18T15:17:56Z,0,,0,0,0,0,0,,,,,,,,,add_tasks=2; add_contracts=0; supersede=2; cancel=0
attempt,work-independent-semantic-coder-a-v5,work,manual_semantic_reliability,2026-07-18T15:18:11Z,2026-07-18T15:18:11Z,0.0,,0,0,0,0,0,ambiguous,3.521,2,multiple_time_only_candidates,False,,True,superseded,2026-07-18T15-18-11Z-0000__work-independent-semantic-coder-a-v5.json
attempt,work-independent-semantic-coder-b-v5,work,manual_semantic_reliability,2026-07-18T15:18:11Z,2026-07-18T15:18:11Z,0.0,,0,0,0,0,0,ambiguous,3.521,2,multiple_time_only_candidates,False,,True,superseded,2026-07-18T15-18-11Z-0001__work-independent-semantic-coder-b-v5.json
decision,015-patch,patch,orchestration,2026-07-18T15:20:48Z,2026-07-18T15:20:48Z,0,,0,0,0,0,0,,,,,,,,,add_tasks=3; add_contracts=0; supersede=2; cancel=0
attempt,work-prepare-blind-startup-v5,work,manual_semantic_reliability,2026-07-18T15:21:00Z,2026-07-18T15:33:58.471000Z,772.57,session-077,2734596,2624256,21352,4477,2755948,task_id_and_time,3.658,1,not_ambiguous,True,,False,cleared,2026-07-18T15-21-00Z-0000__work-prepare-blind-startup-v5.json
attempt,work-independent-semantic-coder-a-v6,work,manual_semantic_reliability,2026-07-18T15:33:59Z,2026-07-18T15:33:59Z,0.0,,0,0,0,0,0,ambiguous,1.733,2,multiple_time_only_candidates,True,,False,cleared,2026-07-18T15-33-59Z-0000__work-independent-semantic-coder-a-v6.json
attempt,work-independent-semantic-coder-b-v6,work,manual_semantic_reliability,2026-07-18T15:33:59Z,2026-07-18T15:33:59Z,0.0,,0,0,0,0,0,ambiguous,1.733,2,multiple_time_only_candidates,False,,False,superseded,2026-07-18T15-33-59Z-0001__work-independent-semantic-coder-b-v6.json
decision,016-retry,retry,orchestration,2026-07-18T16:33:31Z,2026-07-18T16:33:31Z,0,,0,0,0,0,0,,,,,,,,,add_tasks=0; add_contracts=0; supersede=0; cancel=0
attempt,work-independent-semantic-coder-b-v6,work,manual_semantic_reliability,2026-07-18T16:33:40Z,2026-07-18T16:35:44.692000Z,118.248,session-080,235663,186880,3178,924,238841,time_only_unique,3.215,1,not_ambiguous,False,,True,superseded,2026-07-18T16-33-40Z-0000__work-independent-semantic-coder-b-v6.json
decision,017-patch,patch,orchestration,2026-07-18T16:36:35Z,2026-07-18T16:36:35Z,0,,0,0,0,0,0,,,,,,,,,add_tasks=2; add_contracts=0; supersede=1; cancel=0
attempt,work-prepare-blind-startup-b-v6,work,manual_semantic_reliability,2026-07-18T16:36:44Z,2026-07-18T16:45:45.439000Z,534.88,session-081,1643408,1552384,17032,3842,1660440,task_id_and_time,3.843,1,not_ambiguous,True,,False,cleared,2026-07-18T16-36-44Z-0000__work-prepare-blind-startup-b-v6.json
attempt,work-independent-semantic-coder-b-v7,work,manual_semantic_reliability,2026-07-18T16:45:46Z,2026-07-18T16:49:26.688000Z,213.031,session-082,631058,570880,5478,1913,636536,time_only_unique,3.023,1,not_ambiguous,False,,True,superseded,2026-07-18T16-45-46Z-0000__work-independent-semantic-coder-b-v7.json
decision,018-patch,patch,orchestration,2026-07-18T16:50:19Z,2026-07-18T16:50:19Z,0,,0,0,0,0,0,,,,,,,,,add_tasks=2; add_contracts=0; supersede=1; cancel=0
attempt,work-prepare-blind-startup-b-v7,work,manual_semantic_reliability,2026-07-18T16:50:32Z,2026-07-18T17:02:39.909000Z,722.973,session-083,3456608,3335424,24644,6642,3481252,task_id_and_time,2.691,1,not_ambiguous,True,,False,cleared,2026-07-18T16-50-32Z-0000__work-prepare-blind-startup-b-v7.json
attempt,work-independent-semantic-coder-b-v8,work,manual_semantic_reliability,2026-07-18T17:02:40Z,2026-07-18T17:18:58.703000Z,973.561,session-084,2637195,2517760,29022,8697,2666217,time_only_unique,1.901,1,not_ambiguous,True,,False,cleared,2026-07-18T17-02-40Z-0000__work-independent-semantic-coder-b-v8.json
attempt,work-adjudicate-analysis-repair-v3,work,manual_semantic_reliability,2026-07-18T17:18:59Z,2026-07-18T17:39:40.633000Z,1235.211,session-085,9857300,9651968,31709,6668,9889009,time_only_unique,3.212,1,not_ambiguous,False,,True,superseded,2026-07-18T17-18-59Z-0000__work-adjudicate-analysis-repair-v3.json
decision,019-patch,patch,orchestration,2026-07-18T17:42:10Z,2026-07-18T17:42:10Z,0,,0,0,0,0,0,,,,,,,,,add_tasks=4; add_contracts=0; supersede=1; cancel=0
attempt,work-freeze-affected-recode-v5,work,manual_semantic_reliability,2026-07-18T17:42:19Z,2026-07-18T17:58:09.841000Z,942.959,session-086,2423073,2310400,31515,6781,2454588,task_id_and_time,3.404,1,not_ambiguous,True,,False,cleared,2026-07-18T17-42-19Z-0000__work-freeze-affected-recode-v5.json
attempt,work-independent-affected-recoder-a-v1,work,manual_semantic_reliability,2026-07-18T17:58:10Z,2026-07-18T17:58:10Z,0.0,,0,0,0,0,0,ambiguous,3.461,2,multiple_time_only_candidates,False,,True,superseded,2026-07-18T17-58-10Z-0000__work-independent-affected-recoder-a-v1.json
attempt,work-independent-affected-recoder-b-v1,work,manual_semantic_reliability,2026-07-18T17:58:10Z,2026-07-18T17:58:10Z,0.0,,0,0,0,0,0,ambiguous,3.461,2,multiple_time_only_candidates,False,,True,superseded,2026-07-18T17-58-10Z-0001__work-independent-affected-recoder-b-v1.json
decision,020-patch,patch,orchestration,2026-07-18T18:08:45Z,2026-07-18T18:08:45Z,0,,0,0,0,0,0,,,,,,,,,add_tasks=3; add_contracts=0; supersede=2; cancel=0
attempt,work-reissue-affected-recode-packets-v6,work,manual_semantic_reliability,2026-07-18T18:09:05Z,2026-07-18T18:26:37.957000Z,1044.946,session-089,3751098,3623424,28045,6577,3779143,task_id_and_time,2.824,1,not_ambiguous,True,,False,cleared,2026-07-18T18-09-05Z-0000__work-reissue-affected-recode-packets-v6.json
attempt,work-independent-affected-recoder-a-v2,work,manual_semantic_reliability,2026-07-18T18:26:38Z,2026-07-18T18:26:38Z,0.0,,0,0,0,0,0,ambiguous,4.035,2,multiple_time_only_candidates,False,,True,superseded,2026-07-18T18-26-38Z-0000__work-independent-affected-recoder-a-v2.json
attempt,work-independent-affected-recoder-b-v2,work,manual_semantic_reliability,2026-07-18T18:26:38Z,2026-07-18T18:26:38Z,0.0,,0,0,0,0,0,ambiguous,4.035,2,multiple_time_only_candidates,False,,True,superseded,2026-07-18T18-26-38Z-0001__work-independent-affected-recoder-b-v2.json
decision,021-retry,retry,orchestration,2026-07-18T18:43:37Z,2026-07-18T18:43:37Z,0,,0,0,0,0,0,,,,,,,,,add_tasks=0; add_contracts=0; supersede=0; cancel=0
attempt,work-independent-affected-recoder-a-v2,work,manual_semantic_reliability,2026-07-18T18:43:45Z,2026-07-18T18:43:45Z,0.0,,0,0,0,0,0,ambiguous,3.674,2,multiple_time_only_candidates,False,,False,superseded,2026-07-18T18-43-45Z-0000__work-independent-affected-recoder-a-v2.json
attempt,work-independent-affected-recoder-b-v2,work,manual_semantic_reliability,2026-07-18T18:43:45Z,2026-07-18T18:43:45Z,0.0,,0,0,0,0,0,ambiguous,3.674,2,multiple_time_only_candidates,False,,True,superseded,2026-07-18T18-43-45Z-0001__work-independent-affected-recoder-b-v2.json
decision,022-patch,patch,orchestration,2026-07-18T19:03:56Z,2026-07-18T19:03:56Z,0,,0,0,0,0,0,,,,,,,,,add_tasks=3; add_contracts=0; supersede=2; cancel=0
attempt,work-reissue-affected-recode-programmatic-v7,work,manual_semantic_reliability,2026-07-18T19:04:04Z,2026-07-18T19:20:07.423000Z,956.856,session-094,3333219,3190784,34678,8496,3367897,task_id_and_time,3.389,1,not_ambiguous,True,,False,cleared,2026-07-18T19-04-04Z-0000__work-reissue-affected-recode-programmatic-v7.json
attempt,work-independent-affected-code-a-v1,work,other_work,2026-07-18T19:20:08Z,2026-07-18T19:20:08Z,0.0,,0,0,0,0,0,ambiguous,2.687,2,multiple_time_only_candidates,False,,True,superseded,2026-07-18T19-20-08Z-0000__work-independent-affected-code-a-v1.json
attempt,work-independent-affected-code-b-v1,work,other_work,2026-07-18T19:20:08Z,2026-07-18T19:20:08Z,0.0,,0,0,0,0,0,ambiguous,2.687,2,multiple_time_only_candidates,True,,False,cleared,2026-07-18T19-20-08Z-0001__work-independent-affected-code-b-v1.json
decision,023-patch,patch,orchestration,2026-07-18T19:47:18Z,2026-07-18T19:47:18Z,0,,0,0,0,0,0,,,,,,,,,add_tasks=2; add_contracts=0; supersede=1; cancel=0
attempt,work-reissue-affected-code-a-v8,work,other_work,2026-07-18T19:47:42Z,2026-07-18T19:56:14.537000Z,506.049,session-097,1516927,1419776,17634,4140,1534561,task_id_and_time,3.317,1,not_ambiguous,True,,False,cleared,2026-07-18T19-47-42Z-0000__work-reissue-affected-code-a-v8.json
attempt,work-independent-affected-code-a-v2,work,other_work,2026-07-18T19:56:15Z,2026-07-18T20:20:10.919000Z,1429.729,session-098,4335712,4204288,34297,5384,4370009,time_only_unique,3.055,1,not_ambiguous,True,,False,cleared,2026-07-18T19-56-15Z-0000__work-independent-affected-code-a-v2.json
attempt,work-adjudicate-analysis-repair-v5,work,manual_semantic_reliability,2026-07-18T20:20:11Z,2026-07-18T20:41:20.286000Z,1262.491,session-099,8863034,8679168,28741,3958,8891775,time_only_unique,3.571,1,not_ambiguous,False,,True,superseded,2026-07-18T20-20-11Z-0000__work-adjudicate-analysis-repair-v5.json
decision,024-patch,patch,orchestration,2026-07-18T20:48:12Z,2026-07-18T20:48:12Z,0,,0,0,0,0,0,,,,,,,,,add_tasks=12; add_contracts=6; supersede=12; cancel=0
attempt,work-finalize-analysis-failclosed,work,fail_closed_analysis_repair,2026-07-18T20:48:35Z,2026-07-18T21:07:08.311000Z,1106.65,session-100,6157550,6009856,20169,3827,6177719,time_only_unique,3.444,1,not_ambiguous,True,,False,cleared,2026-07-18T20-48-35Z-0000__work-finalize-analysis-failclosed.json
attempt,validate-analysis-failclosed-scrutiny,validate,validation,2026-07-18T21:07:08Z,2026-07-18T21:07:08Z,0.0,,0,0,0,0,0,ambiguous,4.25,2,multiple_time_only_candidates,True,False,False,cleared,2026-07-18T21-07-08Z-0000__validate-analysis-failclosed-scrutiny.json
attempt,validate-analysis-failclosed-surface,validate,validation,2026-07-18T21:07:08Z,2026-07-18T21:07:08Z,0.0,,0,0,0,0,0,ambiguous,4.25,2,multiple_time_only_candidates,False,False,False,cleared,2026-07-18T21-07-08Z-0001__validate-analysis-failclosed-surface.json
decision,025-patch,patch,orchestration,2026-07-18T21:26:44Z,2026-07-18T21:26:44Z,0,,0,0,0,0,0,,,,,,,,,add_tasks=4; add_contracts=0; supersede=1; cancel=0
attempt,work-repair-analysis-failclosed-schema,work,fail_closed_analysis_repair,2026-07-18T21:27:06Z,2026-07-18T21:51:02.336000Z,1429.028,session-103,6126905,5979648,32104,7564,6159009,task_id_and_time,4.023,1,not_ambiguous,True,,False,cleared,2026-07-18T21-27-06Z-0000__work-repair-analysis-failclosed-schema.json
attempt,validate-analysis-failclosed-schema-scrutiny,validate,validation,2026-07-18T21:51:03Z,2026-07-18T21:51:03Z,0.0,,0,0,0,0,0,ambiguous,3.517,2,multiple_time_only_candidates,True,False,False,cleared,2026-07-18T21-51-03Z-0000__validate-analysis-failclosed-schema-scrutiny.json
attempt,validate-analysis-failclosed-schema-surface,validate,validation,2026-07-18T21:51:03Z,2026-07-18T21:51:03Z,0.0,,0,0,0,0,0,ambiguous,3.517,2,multiple_time_only_candidates,True,False,True,cleared,2026-07-18T21-51-03Z-0001__validate-analysis-failclosed-schema-surface.json
decision,026-patch,patch,orchestration,2026-07-18T22:12:21Z,2026-07-18T22:12:21Z,0,,0,0,0,0,0,,,,,,,,,add_tasks=4; add_contracts=0; supersede=1; cancel=0
attempt,work-repair-analysis-failclosed-values-v3,work,fail_closed_analysis_repair,2026-07-18T22:12:43Z,2026-07-18T23:03:55.985000Z,3066.199,session-106,22488194,22078464,40526,7028,22528720,task_id_and_time,2.712,1,not_ambiguous,True,,False,cleared,2026-07-18T22-12-43Z-0000__work-repair-analysis-failclosed-values-v3.json
attempt,validate-analysis-failclosed-values-scrutiny,validate,validation,2026-07-18T23:03:56Z,2026-07-18T23:03:56Z,0.0,,0,0,0,0,0,ambiguous,3.474,2,multiple_time_only_candidates,False,False,False,cleared,2026-07-18T23-03-56Z-0000__validate-analysis-failclosed-values-scrutiny.json
attempt,validate-analysis-failclosed-values-surface,validate,validation,2026-07-18T23:03:56Z,2026-07-18T23:03:56Z,0.0,,0,0,0,0,0,ambiguous,3.474,2,multiple_time_only_candidates,True,False,True,cleared,2026-07-18T23-03-56Z-0001__validate-analysis-failclosed-values-surface.json
decision,027-patch,patch,orchestration,2026-07-18T23:32:44Z,2026-07-18T23:32:44Z,0,,0,0,0,0,0,,,,,,,,,add_tasks=4; add_contracts=0; supersede=1; cancel=0
attempt,work-repair-analysis-failclosed-narrative-v4,work,fail_closed_analysis_repair,2026-07-18T23:33:10Z,2026-07-19T01:01:32.760000Z,5296.208,session-109,27302247,26912768,32786,5774,27335033,time_only_unique,3.083,1,not_ambiguous,True,,False,cleared,2026-07-18T23-33-10Z-0000__work-repair-analysis-failclosed-narrative-v4.json
attempt,validate-analysis-failclosed-narrative-scrutiny,validate,validation,2026-07-19T01:01:33Z,2026-07-19T01:01:33Z,0.0,,0,0,0,0,0,ambiguous,3.287,2,multiple_time_only_candidates,True,False,False,cleared,2026-07-19T01-01-33Z-0000__validate-analysis-failclosed-narrative-scrutiny.json
attempt,validate-analysis-failclosed-narrative-surface,validate,validation,2026-07-19T01:01:33Z,2026-07-19T01:01:33Z,0.0,,0,0,0,0,0,ambiguous,3.287,2,multiple_time_only_candidates,True,False,True,cleared,2026-07-19T01-01-33Z-0001__validate-analysis-failclosed-narrative-surface.json
decision,028-patch,patch,orchestration,2026-07-19T02:09:29Z,2026-07-19T02:09:29Z,0,,0,0,0,0,0,,,,,,,,,add_tasks=4; add_contracts=0; supersede=1; cancel=0
attempt,work-repair-analysis-failclosed-inventory-v5,work,fail_closed_analysis_repair,2026-07-19T02:09:58Z,2026-07-19T02:48:49.330000Z,2323.639,session-112,13520206,13309184,46138,14277,13566344,task_id_and_time,3.522,1,not_ambiguous,True,,False,cleared,2026-07-19T02-09-58Z-0000__work-repair-analysis-failclosed-inventory-v5.json
attempt,validate-analysis-failclosed-inventory-scrutiny,validate,validation,2026-07-19T02:48:49Z,2026-07-19T02:48:49Z,0.0,,0,0,0,0,0,ambiguous,3.981,2,multiple_time_only_candidates,True,True,False,cleared,2026-07-19T02-48-49Z-0000__validate-analysis-failclosed-inventory-scrutiny.json
attempt,validate-analysis-failclosed-inventory-surface,validate,validation,2026-07-19T02:48:49Z,2026-07-19T02:48:49Z,0.0,,0,0,0,0,0,ambiguous,3.981,2,multiple_time_only_candidates,True,True,False,cleared,2026-07-19T02-48-49Z-0001__validate-analysis-failclosed-inventory-surface.json
decision,029-continue,continue,orchestration,2026-07-19T03:19:35Z,2026-07-19T03:19:35Z,0,,0,0,0,0,0,,,,,,,,,add_tasks=0; add_contracts=0; supersede=0; cancel=0
attempt,work-compare-jq-descriptive,work,analysis,2026-07-19T03:20:03Z,2026-07-19T03:34:11.051000Z,841.19,session-116,5275469,5112832,29747,5861,5305216,task_id_and_time,3.551,2,not_ambiguous,True,,False,cleared,2026-07-19T03-20-03Z-0001__work-compare-jq-descriptive.json
attempt,work-compare-ops-descriptive,work,analysis,2026-07-19T03:20:03Z,2026-07-19T03:44:11.698000Z,1441.952,session-117,9347658,9143296,38049,7819,9385707,task_id_and_time,3.632,1,not_ambiguous,True,,False,cleared,2026-07-19T03-20-03Z-0002__work-compare-ops-descriptive.json
attempt,work-compare-tokens-descriptive,work,analysis,2026-07-19T03:20:03Z,2026-07-19T03:30:27.332000Z,614.58,session-118,3198848,3059712,19415,2786,3218263,task_id_and_time,4.118,1,not_ambiguous,True,,False,cleared,2026-07-19T03-20-03Z-0003__work-compare-tokens-descriptive.json
attempt,work-compare-tools-descriptive,work,analysis,2026-07-19T03:20:03Z,2026-07-19T03:32:40.573000Z,750.548,session-115,6761199,6593792,20118,3059,6781317,task_id_and_time,3.41,3,not_ambiguous,True,,False,cleared,2026-07-19T03-20-03Z-0000__work-compare-tools-descriptive.json
attempt,work-synthesis-report-failclosed,work,report_provenance_repair,2026-07-19T03:44:12Z,2026-07-19T04:03:10.282000Z,1131.946,session-119,8034087,7811072,40375,7516,8074462,time_only_unique,3.222,1,not_ambiguous,False,,True,superseded,2026-07-19T03-44-12Z-0000__work-synthesis-report-failclosed.json
decision,030-patch,patch,orchestration,2026-07-19T04:04:09Z,2026-07-19T04:04:09Z,0,,0,0,0,0,0,,,,,,,,,add_tasks=5; add_contracts=0; supersede=4; cancel=0
attempt,work-preserve-original-report-failures,work,report_provenance_repair,2026-07-19T04:04:38Z,2026-07-19T04:18:09.882000Z,807.227,session-120,3973046,3831296,25682,5201,3998728,task_id_and_time,2.371,1,not_ambiguous,True,,False,cleared,2026-07-19T04-04-38Z-0000__work-preserve-original-report-failures.json
attempt,work-finalize-report-failclosed-v2,work,report_provenance_repair,2026-07-19T04:18:10Z,2026-07-19T04:30:42.420000Z,746.003,session-121,3736271,3590144,19181,4736,3755452,time_only_unique,3.167,1,not_ambiguous,True,,False,cleared,2026-07-19T04-18-10Z-0000__work-finalize-report-failclosed-v2.json
attempt,validate-report-failclosed-v2-scrutiny,validate,validation,2026-07-19T04:30:43Z,2026-07-19T04:30:43Z,0.0,,0,0,0,0,0,ambiguous,1.764,2,multiple_time_only_candidates,False,False,False,cleared,2026-07-19T04-30-43Z-0000__validate-report-failclosed-v2-scrutiny.json
attempt,validate-report-failclosed-v2-surface,validate,validation,2026-07-19T04:30:43Z,2026-07-19T04:30:43Z,0.0,,0,0,0,0,0,ambiguous,1.764,2,multiple_time_only_candidates,False,False,False,cleared,2026-07-19T04-30-43Z-0001__validate-report-failclosed-v2-surface.json
decision,031-patch,patch,orchestration,2026-07-19T09:37:46Z,2026-07-19T09:37:46Z,0,,0,0,0,0,0,,,,,,,,,add_tasks=3; add_contracts=0; supersede=1; cancel=0
attempt,validate-report-failclosed-v3-scrutiny,validate,validation,2026-07-19T09:37:57Z,2026-07-19T09:37:57Z,0.0,,0,0,0,0,0,ambiguous,4.43,2,multiple_time_only_candidates,True,False,True,cleared,2026-07-19T09-37-57Z-0000__validate-report-failclosed-v3-scrutiny.json
attempt,validate-report-failclosed-v3-surface,validate,validation,2026-07-19T09:37:57Z,2026-07-19T09:37:57Z,0.0,,0,0,0,0,0,ambiguous,4.43,2,multiple_time_only_candidates,True,False,True,cleared,2026-07-19T09-37-57Z-0001__validate-report-failclosed-v3-surface.json
decision,032-patch,patch,orchestration,2026-07-19T09:53:06Z,2026-07-19T09:53:06Z,0,,0,0,0,0,0,,,,,,,,,add_tasks=5; add_contracts=0; supersede=1; cancel=0
attempt,work-repair-tools-jq-runtime-facets-v4,work,analysis,2026-07-19T09:53:15Z,2026-07-19T10:24:01.734000Z,1840.162,session-126,13636311,13418752,40863,7220,13677174,time_only_unique,2.676,1,not_ambiguous,True,,False,cleared,2026-07-19T09-53-15Z-0000__work-repair-tools-jq-runtime-facets-v4.json
attempt,work-rebuild-final-report-runtime-facets-v4,work,report_provenance_repair,2026-07-19T10:24:02Z,2026-07-19T10:46:21.510000Z,1333.137,session-127,10598076,10386944,34877,7854,10632953,time_only_unique,3.111,1,not_ambiguous,True,,False,cleared,2026-07-19T10-24-02Z-0000__work-rebuild-final-report-runtime-facets-v4.json
attempt,validate-report-failclosed-v4-scrutiny,validate,validation,2026-07-19T10:46:22Z,2026-07-19T10:46:22Z,0.0,,0,0,0,0,0,ambiguous,3.041,2,multiple_time_only_candidates,True,False,True,cleared,2026-07-19T10-46-22Z-0000__validate-report-failclosed-v4-scrutiny.json
attempt,validate-report-failclosed-v4-surface,validate,validation,2026-07-19T10:46:22Z,2026-07-19T10:46:22Z,0.0,,0,0,0,0,0,ambiguous,3.041,2,multiple_time_only_candidates,True,False,True,cleared,2026-07-19T10-46-22Z-0001__validate-report-failclosed-v4-surface.json
decision,033-patch,patch,orchestration,2026-07-19T11:11:40Z,2026-07-19T11:11:40Z,0,,0,0,0,0,0,,,,,,,,,add_tasks=4; add_contracts=0; supersede=1; cancel=0
attempt,work-reconcile-token-contract-report-v5,work,report_provenance_repair,2026-07-19T11:12:01Z,2026-07-19T11:23:35.349000Z,686.67,session-130,5321700,5178624,20306,3093,5342006,time_only_unique,4.284,1,not_ambiguous,True,,False,cleared,2026-07-19T11-12-01Z-0000__work-reconcile-token-contract-report-v5.json
attempt,validate-report-failclosed-v5-scrutiny,validate,validation,2026-07-19T11:23:36Z,2026-07-19T11:23:36Z,0.0,,0,0,0,0,0,ambiguous,3.26,2,multiple_time_only_candidates,True,True,False,cleared,2026-07-19T11-23-36Z-0000__validate-report-failclosed-v5-scrutiny.json
attempt,validate-report-failclosed-v5-surface,validate,validation,2026-07-19T11:23:36Z,2026-07-19T11:23:36Z,0.0,,0,0,0,0,0,ambiguous,3.26,2,multiple_time_only_candidates,True,True,False,cleared,2026-07-19T11-23-36Z-0001__validate-report-failclosed-v5-surface.json
decision,034-patch,patch,orchestration,2026-07-19T11:42:21Z,2026-07-19T11:42:21Z,0,,0,0,0,0,0,,,,,,,,,add_tasks=4; add_contracts=4; supersede=1; cancel=0
attempt,work-bind-repaired-assertions-v6,work,report_provenance_repair,2026-07-19T11:42:30Z,2026-07-19T12:02:16.064000Z,1178.71,session-133,8802060,8614400,31519,6072,8833579,time_only_unique,4.178,1,not_ambiguous,True,,False,cleared,2026-07-19T11-42-30Z-0000__work-bind-repaired-assertions-v6.json
attempt,validate-report-failclosed-v6-scrutiny,validate,validation,2026-07-19T12:02:16Z,2026-07-19T12:02:16Z,0.0,,0,0,0,0,0,ambiguous,3.807,2,multiple_time_only_candidates,True,False,True,cleared,2026-07-19T12-02-16Z-0000__validate-report-failclosed-v6-scrutiny.json
attempt,validate-report-failclosed-v6-surface,validate,validation,2026-07-19T12:02:16Z,2026-07-19T12:02:16Z,0.0,,0,0,0,0,0,ambiguous,3.807,2,multiple_time_only_candidates,True,True,False,cleared,2026-07-19T12-02-16Z-0001__validate-report-failclosed-v6-surface.json
decision,035-patch,patch,orchestration,2026-07-19T12:25:45Z,2026-07-19T12:25:45Z,0,,0,0,0,0,0,,,,,,,,,add_tasks=4; add_contracts=4; supersede=1; cancel=0
attempt,work-bind-regression-provenance-r3-v7,work,report_provenance_repair,2026-07-19T12:25:58Z,2026-07-19T12:44:15.971000Z,1090.291,session-136,5998179,5835520,32817,6980,6030996,time_only_unique,3.211,1,not_ambiguous,True,,False,cleared,2026-07-19T12-25-58Z-0000__work-bind-regression-provenance-r3-v7.json
attempt,validate-report-failclosed-v7-scrutiny,validate,validation,2026-07-19T12:44:16Z,2026-07-19T12:44:16Z,0.0,,0,0,0,0,0,ambiguous,2.482,2,multiple_time_only_candidates,True,False,True,cleared,2026-07-19T12-44-16Z-0000__validate-report-failclosed-v7-scrutiny.json
attempt,validate-report-failclosed-v7-surface,validate,validation,2026-07-19T12:44:16Z,2026-07-19T12:44:16Z,0.0,,0,0,0,0,0,ambiguous,2.482,2,multiple_time_only_candidates,True,True,False,cleared,2026-07-19T12-44-16Z-0001__validate-report-failclosed-v7-surface.json
decision,036-patch,patch,orchestration,2026-07-19T13:07:41Z,2026-07-19T13:07:41Z,0,,0,0,0,0,0,,,,,,,,,add_tasks=5; add_contracts=5; supersede=1; cancel=0
attempt,work-freeze-typed-failure-lineage-v8,work,report_provenance_repair,2026-07-19T13:07:53Z,2026-07-19T13:18:35.425000Z,635.396,session-139,3120715,2971392,23591,3092,3144306,task_id_and_time,3.267,1,not_ambiguous,True,,False,cleared,2026-07-19T13-07-53Z-0000__work-freeze-typed-failure-lineage-v8.json
attempt,work-bind-r4-report-v8,work,report_provenance_repair,2026-07-19T13:18:36Z,2026-07-19T13:39:59.725000Z,1277.347,session-140,9092545,8899328,29764,4888,9122309,time_only_unique,3.232,1,not_ambiguous,True,,False,cleared,2026-07-19T13-18-36Z-0000__work-bind-r4-report-v8.json
attempt,validate-report-failclosed-v8-scrutiny,validate,validation,2026-07-19T13:40:00Z,2026-07-19T13:40:00Z,0.0,,0,0,0,0,0,ambiguous,2.272,2,multiple_time_only_candidates,True,False,True,cleared,2026-07-19T13-40-00Z-0000__validate-report-failclosed-v8-scrutiny.json
attempt,validate-report-failclosed-v8-surface,validate,validation,2026-07-19T13:40:00Z,2026-07-19T13:40:00Z,0.0,,0,0,0,0,0,ambiguous,2.272,2,multiple_time_only_candidates,True,False,True,cleared,2026-07-19T13-40-00Z-0001__validate-report-failclosed-v8-surface.json
decision,037-patch,patch,orchestration,2026-07-19T14:06:34Z,2026-07-19T14:06:34Z,0,,0,0,0,0,0,,,,,,,,,add_tasks=5; add_contracts=5; supersede=1; cancel=0
attempt,work-reconstruct-phase-correct-history-v9,work,report_provenance_repair,2026-07-19T14:07:04Z,2026-07-19T14:19:57.227000Z,764.454,session-143,2018382,1881856,32979,4366,2051361,task_id_and_time,4.536,1,not_ambiguous,True,,False,cleared,2026-07-19T14-07-04Z-0000__work-reconstruct-phase-correct-history-v9.json
attempt,work-bind-r5-report-links-v9,work,report_provenance_repair,2026-07-19T14:19:57Z,2026-07-19T14:43:02.978000Z,1378.441,session-144,8635265,8436480,38030,7502,8673295,time_only_unique,4.572,1,not_ambiguous,True,,False,cleared,2026-07-19T14-19-57Z-0000__work-bind-r5-report-links-v9.json
attempt,validate-report-failclosed-v9-scrutiny,validate,validation,2026-07-19T14:43:03Z,2026-07-19T14:43:03Z,0.0,,0,0,0,0,0,ambiguous,3.863,2,multiple_time_only_candidates,True,True,False,cleared,2026-07-19T14-43-03Z-0000__validate-report-failclosed-v9-scrutiny.json
attempt,validate-report-failclosed-v9-surface,validate,validation,2026-07-19T14:43:03Z,2026-07-19T14:43:03Z,0.0,,0,0,0,0,0,ambiguous,3.863,2,multiple_time_only_candidates,True,True,False,cleared,2026-07-19T14-43-03Z-0001__validate-report-failclosed-v9-surface.json
decision,038-continue,continue,orchestration,2026-07-19T15:11:19Z,2026-07-19T15:11:19Z,0,,0,0,0,0,0,,,,,,,,,add_tasks=0; add_contracts=0; supersede=0; cancel=0
terminal_review,2026-07-19T15-11-46Z,terminal_review,terminal_review,2026-07-19T15:11:46Z,2026-07-19T15:19:42.235000Z,467.068,session-147,2906708,2752768,9874,4263,2916582,task_id_and_time,3.841,1,not_ambiguous,False,,True,mission_running,Fresh-context reviewer; mission artifacts forbidden by reviewer prompt.
decision,039-continue,continue,orchestration,2026-07-19T15:20:39Z,2026-07-19T15:20:39Z,0,,0,0,0,0,0,,,,,,,,,add_tasks=0; add_contracts=0; supersede=0; cancel=0
terminal_review,2026-07-19T15-21-06Z,terminal_review,terminal_review,2026-07-19T15:21:06Z,2026-07-19T15:27:20.864000Z,366.862,session-148,1777028,1658880,9359,3879,1786387,task_id_and_time,4.386,1,not_ambiguous,False,,True,mission_running,Fresh-context reviewer; mission artifacts forbidden by reviewer prompt.
decision,040-continue,continue,orchestration,2026-07-19T15:28:11Z,2026-07-19T15:28:11Z,0,,0,0,0,0,0,,,,,,,,,add_tasks=0; add_contracts=0; supersede=0; cancel=0
terminal_review,2026-07-19T15-28-32Z,terminal_review,terminal_review,2026-07-19T15:28:32Z,2026-07-19T15:35:39.273000Z,417.927,session-149,2179462,2043648,7246,2209,2186708,time_only_unique,4.827,1,not_ambiguous,False,,True,mission_running,Fresh-context reviewer; mission artifacts forbidden by reviewer prompt.
decision,041-continue,continue,orchestration,2026-07-19T15:36:09Z,2026-07-19T15:36:09Z,0,,0,0,0,0,0,,,,,,,,,add_tasks=0; add_contracts=0; supersede=0; cancel=0
